{
    "tamoko": {
        "Nom": "tamoko",
        "LamesMa": [
            "l’Étoile renversé",
            "la Justice renversé",
            "l’Empereur",
            "le Soleil",
            "le Monde",
            "le Bateleur renversé",
            "l’Hermite renversé",
            "l’Amoureux renversé",
            "la Maison-Dieu",
            "le Soleil renversé",
            "le Pape renversé",
            "la Force renversé",
            "le Chariot",
            "la Papesse",
            "la Tempérance",
            "le Bateleur",
            "l’Empereur renversé",
            "l’Amoureux",
            "le Diable renversé",
            "l’Arcane sans Nom",
            "la lune renversé",
            "l’Étoile",
            "le Jugement",
            "la Roue renversé",
            "le Jugement renversé",
            "l’Impératrice renversé",
            "la Roue",
            "la Justice",
            "la Force",
            "l’Impératrice",
            "l’Arcane sans Nom renversé",
            "le Pendu renversé",
            "le Pape",
            "le Chariot renversé",
            "le Monde renversé",
            "la Tempérance renversé",
            "le Mat",
            "le Pendu",
            "la Maison-Dieu renversé",
            "l’Hermite",
            "la lune",
            "la Papesse renversé"
        ],
        "DefausseMa": [
            "le Diable"
        ],
        "LamesMi": [
            "cavalier de deniers",
            "reine d'épées",
            "reine de coupes",
            "valet de batons",
            "cavalier de coupes",
            "valet de deniers",
            "roi d'épées",
            "valet de coupes",
            "reine de deniers",
            "valet d'épées",
            "roi de deniers",
            "cavalier de batons",
            "roi de batons",
            "cavalier d'épées",
            "reine de batons"
        ],
        "DefausseMi": [
            "roi de coupes"
        ]
    },
    "Pong": {
        "Nom": "Pong",
        "LamesMa": [
            "le Pendu",
            "le Chariot renversé",
            "l’Arcane sans Nom renversé",
            "le Monde",
            "l’Étoile renversé",
            "la Maison-Dieu renversé",
            "l’Impératrice",
            "le Soleil",
            "le Mat",
            "la Maison-Dieu",
            "l’Empereur",
            "l’Arcane sans Nom",
            "l’Hermite",
            "la Force renversé",
            "le Diable renversé",
            "le Jugement renversé",
            "l’Amoureux",
            "la Tempérance renversé",
            "le Chariot",
            "la lune",
            "la Force",
            "l’Impératrice renversé",
            "la Roue",
            "la Papesse",
            "la Tempérance",
            "la lune renversé",
            "le Soleil renversé",
            "le Jugement",
            "le Pape renversé",
            "la Roue renversé",
            "la Papesse renversé",
            "l’Étoile",
            "le Pendu renversé",
            "la Justice",
            "le Bateleur",
            "le Monde renversé",
            "la Justice renversé",
            "le Pape",
            "l’Empereur renversé",
            "le Bateleur renversé",
            "le Diable",
            "l’Hermite renversé",
            "l’Amoureux renversé"
        ],
        "DefausseMa": [],
        "LamesMi": [
            "cavalier de batons",
            "cavalier de coupes",
            "valet d'épées",
            "reine de deniers",
            "roi d'épées",
            "valet de coupes",
            "reine de coupes",
            "cavalier de deniers",
            "roi de batons",
            "reine de batons",
            "roi de coupes",
            "reine d'épées",
            "valet de deniers",
            "roi de deniers",
            "cavalier d'épées",
            "valet de batons"
        ],
        "DefausseMi": []
    },
    "LGKB": {
        "Nom": "LGKB",
        "LamesMa": [
            "l’Amoureux",
            "le Diable renversé",
            "le Diable",
            "la lune",
            "la Tempérance",
            "l’Étoile renversé",
            "l’Amoureux renversé",
            "le Soleil",
            "le Monde",
            "la Papesse renversé",
            "le Chariot renversé",
            "le Soleil renversé",
            "la Roue renversé",
            "l’Empereur renversé",
            "la Force renversé",
            "le Bateleur renversé",
            "la Papesse",
            "le Pape renversé",
            "l’Impératrice",
            "l’Arcane sans Nom renversé",
            "le Pendu renversé",
            "l’Arcane sans Nom",
            "la Force",
            "la Justice",
            "l’Étoile",
            "le Bateleur",
            "la Justice renversé",
            "la Roue",
            "l’Hermite renversé",
            "la Maison-Dieu renversé",
            "l’Empereur",
            "le Chariot",
            "le Monde renversé",
            "la Tempérance renversé",
            "la lune renversé",
            "le Pendu",
            "le Jugement renversé",
            "la Maison-Dieu",
            "l’Impératrice renversé",
            "le Jugement",
            "le Pape",
            "le Mat",
            "l’Hermite"
        ],
        "DefausseMa": [],
        "LamesMi": [
            "valet de batons",
            "reine de coupes",
            "valet de coupes",
            "roi de coupes",
            "reine de batons",
            "valet de deniers",
            "roi de batons",
            "reine d'épées",
            "cavalier de deniers",
            "cavalier d'épées",
            "roi d'épées",
            "cavalier de batons",
            "reine de deniers",
            "roi de deniers",
            "valet d'épées",
            "cavalier de coupes"
        ],
        "DefausseMi": []
    },
    "Benoit": {
        "Nom": "Benoit",
        "LamesMa": [
            "le Monde renversé",
            "le Chariot",
            "le Bateleur renversé",
            "la Papesse",
            "le Pendu renversé",
            "le Soleil",
            "le Pape renversé",
            "l’Amoureux renversé",
            "l’Impératrice renversé",
            "la Tempérance",
            "la Force",
            "la lune renversé",
            "l’Empereur renversé",
            "l’Amoureux",
            "l’Arcane sans Nom",
            "la Roue renversé",
            "l’Impératrice",
            "le Mat",
            "l’Hermite",
            "l’Hermite renversé",
            "la Tempérance renversé",
            "la Force renversé",
            "la Maison-Dieu",
            "la Justice renversé",
            "l’Empereur",
            "la Justice",
            "l’Étoile",
            "la Papesse renversé",
            "le Chariot renversé",
            "le Soleil renversé",
            "le Diable",
            "le Pape",
            "la Maison-Dieu renversé",
            "le Jugement",
            "la Roue",
            "la lune",
            "l’Arcane sans Nom renversé",
            "le Monde",
            "le Diable renversé",
            "l’Étoile renversé",
            "le Bateleur",
            "le Pendu",
            "le Jugement renversé"
        ],
        "DefausseMa": [],
        "LamesMi": [
            "reine d'épées",
            "valet d'épées",
            "valet de batons",
            "roi de coupes",
            "cavalier de batons",
            "cavalier de coupes",
            "roi d'épées",
            "cavalier d'épées",
            "valet de coupes",
            "roi de batons",
            "reine de coupes",
            "reine de batons",
            "reine de deniers",
            "roi de deniers",
            "valet de deniers",
            "cavalier de deniers"
        ],
        "DefausseMi": []
    },
    "Murdok": {
        "Nom": "Murdok",
        "LamesMa": [
            "l’Impératrice",
            "la Papesse",
            "le Soleil renversé",
            "le Jugement",
            "la Roue renversé",
            "la Papesse renversé",
            "le Monde renversé",
            "le Pape renversé",
            "le Pape",
            "la Justice renversé",
            "le Pendu",
            "le Mat",
            "la Justice",
            "l’Impératrice renversé",
            "le Diable",
            "l’Hermite",
            "l’Amoureux renversé",
            "l’Arcane sans Nom renversé",
            "la Roue",
            "l’Empereur renversé",
            "la Tempérance renversé",
            "l’Empereur",
            "le Pendu renversé",
            "la lune renversé",
            "l’Hermite renversé",
            "le Jugement renversé",
            "le Bateleur",
            "l’Arcane sans Nom",
            "l’Amoureux",
            "l’Étoile",
            "le Chariot renversé",
            "le Soleil",
            "la Maison-Dieu renversé",
            "la Tempérance",
            "la Force renversé",
            "le Monde",
            "le Chariot",
            "l’Étoile renversé",
            "le Bateleur renversé",
            "la lune",
            "la Maison-Dieu",
            "la Force",
            "le Diable renversé"
        ],
        "DefausseMa": [],
        "LamesMi": [
            "reine d'épées",
            "reine de coupes",
            "cavalier de deniers",
            "cavalier de batons",
            "valet de deniers",
            "cavalier d'épées",
            "roi de coupes",
            "valet de coupes",
            "roi de batons",
            "valet d'épées",
            "reine de deniers",
            "roi de deniers",
            "roi d'épées",
            "cavalier de coupes",
            "valet de batons",
            "reine de batons"
        ],
        "DefausseMi": []
    },
    "chispero": {
        "Nom": "chispero",
        "LamesMa": [
            "la Force renversé",
            "le Pendu renversé",
            "le Bateleur",
            "l’Empereur renversé",
            "le Jugement renversé",
            "le Monde renversé",
            "le Pape",
            "la Papesse renversé",
            "l’Hermite renversé",
            "le Jugement",
            "la Tempérance renversé",
            "la Roue",
            "l’Empereur",
            "la Justice renversé",
            "le Mat",
            "l’Arcane sans Nom",
            "la Force",
            "la Roue renversé",
            "la lune renversé",
            "la Maison-Dieu renversé",
            "le Soleil",
            "le Monde",
            "l’Amoureux",
            "le Bateleur renversé",
            "le Chariot",
            "la Justice",
            "la lune",
            "le Diable",
            "l’Impératrice",
            "l’Étoile renversé",
            "l’Étoile",
            "l’Hermite",
            "l’Amoureux renversé",
            "le Pape renversé",
            "le Chariot renversé",
            "le Pendu",
            "le Diable renversé",
            "l’Impératrice renversé",
            "la Papesse",
            "la Maison-Dieu",
            "la Tempérance",
            "le Soleil renversé",
            "l’Arcane sans Nom renversé"
        ],
        "DefausseMa": [],
        "LamesMi": [
            "roi de coupes",
            "valet de coupes",
            "valet de batons",
            "cavalier de batons",
            "cavalier de coupes",
            "roi d'épées",
            "reine de coupes",
            "roi de batons",
            "roi de deniers",
            "cavalier d'épées",
            "valet de deniers",
            "cavalier de deniers",
            "reine de batons",
            "reine de deniers",
            "valet d'épées",
            "reine d'épées"
        ],
        "DefausseMi": []
    },
    "Moumoul": {
        "Nom": "Moumoul",
        "LamesMa": [
            "le Jugement",
            "l’Impératrice renversé",
            "la Papesse renversé",
            "le Bateleur",
            "le Pendu",
            "le Soleil renversé",
            "le Monde renversé",
            "la Roue",
            "l’Étoile",
            "le Chariot renversé",
            "l’Amoureux",
            "l’Empereur renversé",
            "la Roue renversé",
            "la Force",
            "la Maison-Dieu renversé",
            "la Justice renversé",
            "la lune",
            "la Tempérance renversé",
            "la lune renversé",
            "l’Amoureux renversé",
            "le Diable",
            "la Tempérance",
            "le Soleil",
            "l’Hermite renversé",
            "le Pape renversé",
            "le Jugement renversé",
            "la Maison-Dieu",
            "l’Impératrice",
            "le Bateleur renversé",
            "le Diable renversé",
            "l’Arcane sans Nom renversé",
            "la Papesse",
            "le Pendu renversé",
            "l’Empereur",
            "la Force renversé",
            "le Chariot",
            "l’Étoile renversé",
            "l’Hermite",
            "la Justice",
            "le Mat",
            "l’Arcane sans Nom",
            "le Pape",
            "le Monde"
        ],
        "DefausseMa": [],
        "LamesMi": [
            "reine de coupes",
            "roi de coupes",
            "valet d'épées",
            "valet de batons",
            "cavalier de deniers",
            "roi de batons",
            "cavalier d'épées",
            "cavalier de batons",
            "reine d'épées",
            "reine de batons",
            "valet de coupes",
            "roi d'épées",
            "reine de deniers",
            "cavalier de coupes",
            "roi de deniers",
            "valet de deniers"
        ],
        "DefausseMi": []
    },
    "Carlitos": {
        "Nom": "Carlitos",
        "LamesMa": [
            "le Pape",
            "la Justice",
            "le Pendu renversé",
            "le Monde",
            "le Mat",
            "le Chariot renversé",
            "l’Amoureux renversé",
            "le Monde renversé",
            "l’Arcane sans Nom renversé",
            "la lune",
            "la lune renversé",
            "la Force renversé",
            "le Pape renversé",
            "la Roue",
            "le Diable",
            "la Roue renversé",
            "le Pendu",
            "l’Hermite renversé",
            "l’Impératrice",
            "le Soleil",
            "l’Étoile renversé",
            "la Force",
            "le Bateleur renversé",
            "la Tempérance",
            "le Diable renversé",
            "la Maison-Dieu renversé",
            "la Justice renversé",
            "le Bateleur",
            "le Chariot",
            "la Tempérance renversé",
            "la Maison-Dieu",
            "la Papesse renversé",
            "l’Étoile",
            "l’Hermite",
            "l’Empereur renversé",
            "l’Impératrice renversé",
            "le Soleil renversé",
            "l’Empereur",
            "le Jugement",
            "l’Amoureux",
            "l’Arcane sans Nom",
            "la Papesse",
            "le Jugement renversé"
        ],
        "DefausseMa": [],
        "LamesMi": [
            "cavalier de deniers",
            "valet de coupes",
            "reine d'épées",
            "roi de deniers",
            "roi de coupes",
            "valet de batons",
            "reine de deniers",
            "reine de coupes",
            "cavalier d'épées",
            "valet de deniers",
            "roi d'épées",
            "valet d'épées",
            "cavalier de coupes",
            "cavalier de batons",
            "roi de batons",
            "reine de batons"
        ],
        "DefausseMi": []
    }
}